Optimixation level, N value, X value, Time taken (seconds)
-O0, 1080000000, 90, 15.1424
-O1, 1080000000, 90, 3.03291
-O2, 1080000000, 90, 2.91598
-O3, 1080000000, 90, 3.03423
-Os, 1080000000, 90, 3.28298
