Optimixation level, N value, X value, Time taken (seconds)
-O0, 2300000000, 90, 14.9339
-O1, 2300000000, 90, 2.45748
-O2, 2300000000, 90, 2.50608
-O3, 2300000000, 90, 2.55221
-Os, 2300000000, 90, 2.78567
